id,peer,task,check_date
1,darrpama,C2_SimpleBashUtils,2022-03-02
2,darrpama,C2_SimpleBashUtils,2022-03-02
3,myregree,C2_SimpleBashUtils,2022-04-30
4,woodensa,C2_SimpleBashUtils,2022-09-03
5,chesterh,C2_SimpleBashUtils,2022-09-04
6,vindicat,C2_SimpleBashUtils,2022-09-05
7,cindabru,C2_SimpleBashUtils,2022-09-05
8,cindabru,C2_SimpleBashUtils,2022-09-05
9,shelbyne,C2_SimpleBashUtils,2022-09-06
10,chastity,C2_SimpleBashUtils,2022-09-06
11,lymondgl,C2_SimpleBashUtils,2022-09-07
12,maddiega,C2_SimpleBashUtils,2022-09-07
13,darrpama,C3_s21_string+,2022-09-15
14,darrpama,C3_s21_string+,2022-09-15
15,myregree,C3_s21_string+,2022-09-15
16,myregree,C3_s21_string+,2022-09-15
17,woodensa,C3_s21_string+,2022-09-15
18,chesterh,C3_s21_string+,2022-09-16
19,vindicat,C3_s21_string+,2022-09-16
20,cindabru,C3_s21_string+,2022-09-16
21,shelbyne,C3_s21_string+,2022-09-17
22,chastity,C3_s21_string+,2022-09-17
23,lymondgl,C3_s21_string+,2022-09-18
24,maddiega,C3_s21_string+,2022-09-18
25,darrpama,C5_s21_decimal,2022-09-25
26,myregree,C5_s21_decimal,2022-09-25
27,woodensa,C5_s21_decimal,2022-09-25
28,woodensa,C5_s21_decimal,2022-09-25
29,chesterh,C5_s21_decimal,2022-09-26
30,vindicat,C5_s21_decimal,2022-09-26
31,cindabru,C5_s21_decimal,2022-09-26
32,shelbyne,C5_s21_decimal,2022-09-27
33,chastity,C5_s21_decimal,2022-09-27
34,lymondgl,C5_s21_decimal,2022-09-28
35,maddiega,C5_s21_decimal,2022-09-28
36,chastity,C6_s21_matrix,2022-09-28
37,chastity,C7_SmartCalc_v1.0,2022-09-29
38,chastity,C8_3DViewer_v1.0,2022-09-29
39,chastity,C4_s21_math,2022-09-29
40,chastity,CPP1_s21_matrix+,2022-09-30
41,chastity,D01_Linux,2022-09-30
42,darrpama,D01_Linux,2022-09-30
43,lymondgl,C6_s21_matrix,2022-09-30
44,lymondgl,C7_SmartCalc_v1.0,2022-09-30
45,lymondgl,C8_3DViewer_v1.0,2022-10-01
46,lymondgl,CPP1_s21_matrix+,2022-10-02