id,check_id,checking_peer,state,check_time
1,1,myregree,start,13:00:00
2,1,myregree,failure,13:30:00
3,2,woodensa,start,14:00:00
4,2,woodensa,success,14:30:00
5,3,chesterh,start,15:00:00
6,3,chesterh,success,15:30:00
7,4,vindicat,start,16:00:00
8,4,vindicat,success,16:30:00
9,5,cindabru,start,17:00:00
10,5,cindabru,success,17:30:00
11,6,shelbyne,start,18:00:00
12,6,shelbyne,success,18:30:00
13,7,chastity,start,19:00:00
14,7,chastity,failure,19:30:00
15,8,lymondgl,start,20:00:00
16,8,lymondgl,success,20:30:00
17,9,maddiega,start,21:00:00
18,9,maddiega,success,21:30:00
19,10,darrpama,start,22:00:00
20,10,darrpama,success,22:30:00
21,11,myregree,start,23:00:00
22,11,myregree,success,23:30:00
23,12,woodensa,start,00:00:00
24,12,woodensa,failure,01:00:00
25,13,chesterh,start,01:00:00
26,13,chesterh,failure,02:00:00
27,14,vindicat,start,02:00:00
28,14,vindicat,success,03:00:00
29,15,cindabru,start,03:00:00
30,15,cindabru,success,04:00:00
31,16,shelbyne,start,04:00:00
32,16,shelbyne,success,05:00:00
33,17,chastity,start,05:00:00
34,17,chastity,success,06:00:00
35,18,lymondgl,start,06:00:00
36,18,lymondgl,success,07:00:00
37,19,maddiega,start,07:00:00
38,19,maddiega,success,08:00:00
39,20,darrpama,start,08:00:00
40,20,darrpama,success,09:00:00
41,21,myregree,start,09:00:00
42,21,myregree,success,10:00:00
43,22,woodensa,start,10:00:00
44,22,woodensa,success,11:00:00
45,23,chesterh,start,11:00:00
46,23,chesterh,success,11:45:00
47,24,vindicat,start,12:00:00
48,24,vindicat,success,12:45:00
49,25,cindabru,start,13:00:00
50,25,cindabru,failure,13:45:00
51,26,shelbyne,start,13:00:00
52,26,shelbyne,success,13:45:00
53,27,chastity,start,14:00:00
54,27,chastity,success,14:45:00
55,28,lymondgl,start,15:00:00
56,28,lymondgl,success,15:45:00
57,29,maddiega,start,16:00:00
58,29,maddiega,success,16:45:00
59,30,darrpama,start,17:00:00
60,30,darrpama,success,17:45:00
61,31,myregree,start,18:00:00
62,31,myregree,success,18:45:00
63,32,woodensa,start,19:00:00
64,32,woodensa,success,19:45:00
65,33,chesterh,start,20:00:00
66,33,chesterh,success,20:45:00
67,34,vindicat,start,20:00:00
68,34,vindicat,success,20:45:00
69,35,cindabru,start,20:00:00
70,35,cindabru,success,20:45:00
71,36,vindicat,start,20:46:00
72,36,vindicat,success,20:58:00
73,37,vindicat,start,21:46:00
74,37,vindicat,success,21:58:00
75,38,woodensa,start,15:46:00
76,38,woodensa,success,16:58:00
77,39,woodensa,start,15:46:00
78,39,woodensa,success,16:58:00